,created_at,date,timezone,place,tweet,language,hashtags,cashtags,user_id,user_id_str,username,name,day,hour,link,urls,photos,video,thumbnail,retweet,nlikes,nreplies,nretweets,quote_url,search,near,geo,source,user_rt_id,user_rt,retweet_id,reply_to,retweet_date,lang
0,1620985593000.0,2021-05-14 09:46:33,+0000,,I smell another #CB on the horizon! #sg,en,"['cb', 'sg']",[],1195926006420430850,1195926006420430850,Perhaps_Pira,|P!RA¬π‚Å∏üåª|,5,09,https://twitter.com/Perhaps_Pira/status/1393140671033212932,[],[],0,,False,0,0,0,,"['#cb', '#sg']",,,,,,,[],,en
1,1595418856000.0,2020-07-22 11:54:16,+0000,,Omg!! What are you guys doing in my garden!?!  Á´üÁÑ∂Âú®ÊàëËä±ÂúíË£°ÂππÈÇ£‰∏ÄÁ®Æ‰∫ã!!! #CB #sg #sgig #igsg #garden #plant #buds #insects #mating  https://t.co/CeQwZ0hWF3,zh,"['cb', 'sg', 'sgig', 'igsg', 'garden', 'plant', 'buds', 'insects', 'mating']",[],135509056,135509056,chae0516,üíïHelenÌó¨Î†åüíï,3,11,https://twitter.com/chae0516/status/1285906001384878081,['https://www.instagram.com/p/CC8YLAiDm_dX_K0AwX3D-wfe_chS2km-5qDSgY0/?igshid=6nw7hkx9bkjq'],[],0,,False,0,0,0,,"['#cb', '#sg']",,,,,,,[],,en
2,1591853308000.0,2020-06-11 05:28:28,+0000,,Raining bubbles ... #rain #igsg #sglife #nature #weather #sg #sgig #bubbles #cb #Singapore #circuitbreak  https://t.co/PSCe4BR3Cn,en,"['rain', 'igsg', 'sglife', 'nature', 'weather', 'sg', 'sgig', 'bubbles', 'cb', 'singapore', 'circuitbreak']",[],135509056,135509056,chae0516,üíïHelenÌó¨Î†åüíï,4,05,https://twitter.com/chae0516/status/1270951009523810304,['https://www.instagram.com/p/CBSHbwUjQdko53-AOdp7Q7mtblUhiQjkWJKvFw0/?igshid=1w0m4t7yxk0om'],[],0,,False,1,0,0,,"['#cb', '#sg']",,,,,,,[],,en
3,1591714245000.0,2020-06-09 14:50:45,+0000,,Megan‚Äôs paw patrol theme song finale pose  . . . . . . . #meganlow #babygirl #child #children #sg #singapore #smile #instakids #toddler #kid #kids #girlsrule #daddysgirl #daughters #daughter #stayhome #sgunited #cb‚Ä¶  https://t.co/kmzvltKEnx,en,"['meganlow', 'babygirl', 'child', 'children', 'sg', 'singapore', 'smile', 'instakids', 'toddler', 'kid', 'kids', 'girlsrule', 'daddysgirl', 'daughters', 'daughter', 'stayhome', 'sgunited', 'cb']",[],195592801,195592801,Yingjie80,Low Yin Jye,2,14,https://twitter.com/Yingjie80/status/1270367736925954049,['https://www.instagram.com/p/CBN-OODHADl/?igshid=15mk5j7vhx9ne'],[],0,,False,0,0,0,,"['#cb', '#sg']",,,,,,,[],,en
4,1591457911000.0,2020-06-06 15:38:31,+0000,,Mummy‚Äôs delicious birthday cupcakes  . . . . . . . #meganlow #babygirl #child #children #sg #singapore #smile #instakids #toddler #kid #kids #girlsrule #daddysgirl #daughters #daughter #stayhome #sgunited #cb #ccb‚Ä¶  https://t.co/2NzdWmXyCl,en,"['meganlow', 'babygirl', 'child', 'children', 'sg', 'singapore', 'smile', 'instakids', 'toddler', 'kid', 'kids', 'girlsrule', 'daddysgirl', 'daughters', 'daughter', 'stayhome', 'sgunited', 'cb', 'ccb']",[],195592801,195592801,Yingjie80,Low Yin Jye,6,15,https://twitter.com/Yingjie80/status/1269292595953512450,['https://www.instagram.com/p/CBGVTl_n3cv/?igshid=1teqeewr38n3p'],[],0,,False,0,0,0,,"['#cb', '#sg']",,,,,,,[],,en
5,1591064584000.0,2020-06-02 02:23:04,+0000,,The circuit breaker is over but why am I still at home? Cuz I still waiting for phrase 2! So it‚Äôs still stay home. #byecb #cb #phrase1 #phrase2 #singapore #sg,en,"['byecb', 'cb', 'phrase1', 'phrase2', 'singapore', 'sg']",[],633515282,633515282,1mpzz,Nic „Éã„Ç≥„É©„Çπ,2,02,https://twitter.com/1mpzz/status/1267642863392714754,[],[],0,,False,0,0,0,,"['#cb', '#sg']",,,,,,,[],,en
6,1590802263000.0,2020-05-30 01:31:03,+0000,,When are we reaching the end of the tunnel #cb #Singapore #sg #sgig #igsg #sglife #circuitbreak   https://t.co/DBTzkZ8mh5,en,"['cb', 'singapore', 'sg', 'sgig', 'igsg', 'sglife', 'circuitbreak']",[],135509056,135509056,chae0516,üíïHelenÌó¨Î†åüíï,6,01,https://twitter.com/chae0516/status/1266542607561134080,['https://instagram.com/stories/helenc792/2320138542074646096?utm_source=ig_story_item_share&igshid=1ste83mtpuiex'],[],0,,False,1,0,0,,"['#cb', '#sg']",,,,,,,[],,en
7,1590801793000.0,2020-05-30 01:23:13,+0000,,Another DIY with recycled materials. Save money. Save the environment. #diy #craft #recycled #igsg #sglife #sg #sgig #Singapore #YourSingapore #MySingapore #cb #circuitbreaker  https://t.co/T82P0eoms1,en,"['diy', 'craft', 'recycled', 'igsg', 'sglife', 'sg', 'sgig', 'singapore', 'yoursingapore', 'mysingapore', 'cb', 'circuitbreaker']",[],135509056,135509056,chae0516,üíïHelenÌó¨Î†åüíï,6,01,https://twitter.com/chae0516/status/1266540636666245125,['https://www.instagram.com/p/CAyx1_1DMl4gupIfggu7zOqqn62oEDH_jwo7g00/?igshid=5louf27pszlb'],[],0,,False,1,0,0,,"['#cb', '#sg']",,,,,,,[],,en
8,1590711263000.0,2020-05-29 00:14:23,+0000,,Relax and Read. Nothing is under control......Don‚Äôt forget to breath üßòüèª.                                #mindfulspark #breath #read #booksforlife #CB #Sg  https://t.co/ftl1vFWTnR,en,"['mindfulspark', 'breath', 'read', 'booksforlife', 'cb', 'sg']",[],3319837674,3319837674,karuna1607,Karuna Kamra Grover,5,00,https://twitter.com/karuna1607/status/1266160924324360192,[],['https://pbs.twimg.com/media/EZJOo_nUEAAuDL0.jpg'],1,https://pbs.twimg.com/media/EZJOo_nUEAAuDL0.jpg,False,1,0,0,,"['#cb', '#sg']",,,,,,,[],,en
9,1590653095000.0,2020-05-28 08:04:55,+0000,,·µÄ·¥Æ·µÄ ‚Äî·∂†·µÅ·¥∫·¥∑·µû ·∂ú·¥ø·¥º·µÇ‚Äî‚Äî . . #sg #igsg #singapore #cb #circuitbreaker #ccb #day52 #throwback #tbt #‰∏¢ÂõûÂéª #yoga #movewithrachel #stayactive #funkycrow #achievementunlock #pomelo #stayhomeforsg #2020cancelled  https://t.co/qvGWmYWmH8,en,"['sg', 'igsg', 'singapore', 'cb', 'circuitbreaker', 'ccb', 'day52', 'throwback', 'tbt', '‰∏¢ÂõûÂéª', 'yoga', 'movewithrachel', 'stayactive', 'funkycrow', 'achievementunlock', 'pomelo', 'stayhomeforsg', '2020cancelled']",[],251503973,251503973,chengpin89822,Ï±ôÌïÄCP,4,08,https://twitter.com/chengpin89822/status/1265916949709676545,['https://www.instagram.com/p/CAuWPZvhkAD/?igshid=1ol3xjj2krzxu'],[],0,,False,1,0,0,,"['#cb', '#sg']",,,,,,,[],,en
10,1590485563000.0,2020-05-26 09:32:43,+0000,"{'type': 'Point', 'coordinates': [1.28026, 103.85326]}",#ryantology #igers #igdaily #selfie #cb #cbday #cbday50 #asian #men #barber #haircut #sg #semilockdown #covid19 #essentialservices  CBDay50. Salute to frontline &amp; essential workers. x @ James Barker Barber  https://t.co/tE50qCmSzt,en,"['ryantology', 'igers', 'igdaily', 'selfie', 'cb', 'cbday', 'cbday50', 'asian', 'men', 'barber', 'haircut', 'sg', 'semilockdown', 'covid19', 'essentialservices']",[],96057628,96057628,ryantologyz,RyanLee (Ryantology),2,09,https://twitter.com/ryantologyz/status/1265214270083661824,['https://www.instagram.com/p/CApWsoXpQi5/?igshid=tt8flnr3miv5'],[],0,,False,0,0,0,,"['#cb', '#sg']",,,,,,,[],,en
11,1590451739000.0,2020-05-26 00:08:59,+0000,,"No time to invest your hard earned money? Why not put it in 1.8% guaranteed p.a. Great Single Premium plan by a Great Eastern  To apply, use this self-service link    https://t.co/l3qsQnVhH1 Login will need to be via Singpass. Pay by cheque or bank transfer within 14 days #CB #SG  https://t.co/M9iQNl7cmy",en,"['cb', 'sg']",[],1249903311643217920,1249903311643217920,JulianaSYTan,JulianaSYTan,2,00,https://twitter.com/JulianaSYTan/status/1265072404226703360,['https://bit.ly/3dRopCg'],['https://pbs.twimg.com/media/EY5wpADU8AcCxLu.jpg'],1,https://pbs.twimg.com/media/EY5wpADU8AcCxLu.jpg,False,0,0,0,,"['#cb', '#sg']",,,,,,,[],,en
12,1590392189000.0,2020-05-25 07:36:29,+0000,,Yummy ice cream for hot day #cb #icecream #sglife #sg  https://t.co/gEd6yPw6x9,en,"['cb', 'icecream', 'sglife', 'sg']",[],135509056,135509056,chae0516,üíïHelenÌó¨Î†åüíï,1,07,https://twitter.com/chae0516/status/1264822633276641280,[],['https://pbs.twimg.com/media/EY2NeehUwAE7_Dp.jpg'],1,https://pbs.twimg.com/media/EY2NeehUwAE7_Dp.jpg,False,0,0,0,,"['#cb', '#sg']",,,,,,,[],,en
14,1590303346000.0,2020-05-24 06:55:46,+0000,,"LIVEDRAW SYDNEY MINGGU, 24/05/2020  P1 : 26-8527 P2 : 10-0712 P3 : 72-1376  SELAMAT KEPADA MEMBER YG JP  Link Daftar : www.detikpt1 .com/register  #coloknaga #prediksi #cb #coloknaga #coloknagatogel #prediksitogelampuh #togeljitu #bocorantogel #daftartogel  #SG #HK #SD #MC #2D  https://t.co/Pb2RkNoBoC",in,"['coloknaga', 'prediksi', 'cb', 'coloknaga', 'coloknagatogel', 'prediksitogelampuh', 'togeljitu', 'bocorantogel', 'daftartogel', 'sg', 'hk', 'sd', 'mc', '2d']",[],982210127087349760,982210127087349760,pasaranuang,PASARANTOGEL,7,06,https://twitter.com/pasaranuang/status/1264449999577866240,[],"['https://pbs.twimg.com/media/EYw56y7VAAABn6k.png', 'https://pbs.twimg.com/media/EYw6kX5VcAAUSL_.png']",1,https://pbs.twimg.com/media/EYw56y7VAAABn6k.png,False,0,0,0,,"['#cb', '#sg']",,,,,,,[],,en
15,1590297825000.0,2020-05-24 05:23:45,+0000,,"Due to Covid-19, we haven't had Crystal Jade noodle, congee and dim sum in 2020!! Hope this comfort food delivered to home will bring some smile to her #igsg #sglife #cb #food #sg #sgig #circuitbreaker #sgUnited  https://t.co/u0otcX71ia",en,"['igsg', 'sglife', 'cb', 'food', 'sg', 'sgig', 'circuitbreaker', 'sgunited']",[],135509056,135509056,chae0516,üíïHelenÌó¨Î†åüíï,7,05,https://twitter.com/chae0516/status/1264426843039395840,[],"['https://pbs.twimg.com/media/EYwlfNjU0AAkJpq.jpg', 'https://pbs.twimg.com/media/EYwlfrnU0AAbKES.jpg', 'https://pbs.twimg.com/media/EYwlgIIVAAAxXz9.jpg', 'https://pbs.twimg.com/media/EYwlgfuUcAI0kAV.jpg']",1,https://pbs.twimg.com/media/EYwlfNjU0AAkJpq.jpg,False,0,0,0,,"['#cb', '#sg']",,,,,,,[],,en
16,1590296821000.0,2020-05-24 05:07:01,+0000,,"#CB Day 48 : Season's Greeting üéâüéâ  Wishing All Muslim Friends Out There  ""SELAMAT HARI RAYA AIDILFITRI 2020""  #StaySafeStayHome  #malay #muslims #singaporeüá∏üá¨  #sg #harirayaidulfitri #2020 #sg2020 #StaySafeStayHome #stayhome #staysafe  https://t.co/EgCKZI1epp",en,"['cb', 'staysafestayhome', 'malay', 'muslims', 'singapore', 'sg', 'harirayaidulfitri', 'sg2020', 'staysafestayhome', 'stayhome', 'staysafe']",[],1257957639671017472,1257957639671017472,EricTayAdvisor,Eric Tay Your Professional PROPERTY ADVISOR,7,05,https://twitter.com/EricTayAdvisor/status/1264422628258807808,[],['https://pbs.twimg.com/media/EYwhrJCVcAAMTjX.jpg'],1,https://pbs.twimg.com/media/EYwhrJCVcAAMTjX.jpg,False,0,0,0,,"['#cb', '#sg']",,,,,,,[],,en
17,1590290065000.0,2020-05-24 03:14:25,+0000,,Recycled my tissue boxes and save the Earth! 2/2 #CB #sgUnited #circuitbreak #diy #handicraft #sg #sgig #igsg #sglife #art&amp;craft #tissuebox #  https://t.co/W8bu2O9O4f,en,"['cb', 'sgunited', 'circuitbreak', 'diy', 'handicraft', 'sg', 'sgig', 'igsg', 'sglife', 'art', 'tissuebox']",[],135509056,135509056,chae0516,üíïHelenÌó¨Î†åüíï,7,03,https://twitter.com/chae0516/status/1264394293810102273,[],"['https://pbs.twimg.com/media/EYwH5S0UEAEmm-_.jpg', 'https://pbs.twimg.com/media/EYwH53OU8AEzC8J.jpg']",1,https://pbs.twimg.com/media/EYwH5S0UEAEmm-_.jpg,False,0,0,0,,"['#cb', '#sg']",,,,,,,[],,en
18,1590289934000.0,2020-05-24 03:12:14,+0000,,Recycled my tissue boxes and save the Earth! 1/2 #CB #sgUnited #circuitbreak #diy #handicraft #sg #sgig #igsg #sglife #art&amp;craft #tissuebox  https://t.co/bghKM7SGTZ,en,"['cb', 'sgunited', 'circuitbreak', 'diy', 'handicraft', 'sg', 'sgig', 'igsg', 'sglife', 'art', 'tissuebox']",[],135509056,135509056,chae0516,üíïHelenÌó¨Î†åüíï,7,03,https://twitter.com/chae0516/status/1264393742233899008,[],"['https://pbs.twimg.com/media/EYwHWOuUwAEjgOp.jpg', 'https://pbs.twimg.com/media/EYwHXSPUwAEbckg.jpg', 'https://pbs.twimg.com/media/EYwHYY5UcAAnNgi.jpg', 'https://pbs.twimg.com/media/EYwHZRdVAAAhQfU.jpg']",1,https://pbs.twimg.com/media/EYwHWOuUwAEjgOp.jpg,False,0,0,0,,"['#cb', '#sg']",,,,,,,[],,en
19,1590216846000.0,2020-05-23 06:54:06,+0000,,LIVEDRAW SYDNEY SABTU 23/05/2020  P1 : 14-3090 P2 : 96-6113 P3 : 23-9229  SELAMAT BAGI MEMBER YG JP  Link Daftar : www.detikpt1 .com/register  #coloknaga #prediksi #cb #coloknaga #coloknagatogel #prediksitogelampuh #togeljitu #bocorantogel #daftartogel  #SG #HK #SD #MC #2D #3d  https://t.co/S7sW1sg3SI,in,"['coloknaga', 'prediksi', 'cb', 'coloknaga', 'coloknagatogel', 'prediksitogelampuh', 'togeljitu', 'bocorantogel', 'daftartogel', 'sg', 'hk', 'sd', 'mc', '2d', '3d']",[],982210127087349760,982210127087349760,pasaranuang,PASARANTOGEL,6,06,https://twitter.com/pasaranuang/status/1264087189773664256,[],"['https://pbs.twimg.com/media/EYrweuDU0AE3T6D.jpg', 'https://pbs.twimg.com/media/EYrwl-9UcAAWg7i.png']",1,https://pbs.twimg.com/media/EYrweuDU0AE3T6D.jpg,False,0,0,0,,"['#cb', '#sg']",,,,,,,[],,en
20,1590210326000.0,2020-05-23 05:05:26,+0000,,Prediksi Wangsit Panama 23/05/2020  Link Daftar : www.detikpt1 .com/register  #coloknaga #prediksi #cb #coloknaga #coloknagatogel #prediksitogelampuh #togeljitu #bocorantogel #daftartogel  #SG #HK #SD #MC #2D #3d #4d #AS #KOP #KEPALA #EKOR #JP #JPMASAL #JPPAUS #UPS #ANGKAMAIN  https://t.co/jYdF8Cvjoz,in,"['coloknaga', 'prediksi', 'cb', 'coloknaga', 'coloknagatogel', 'prediksitogelampuh', 'togeljitu', 'bocorantogel', 'daftartogel', 'sg', 'hk', 'sd', 'mc', '2d', '3d', '4d', 'as', 'kop', 'kepala', 'ekor', 'jp', 'jpmasal', 'jppaus', 'ups', 'angkamain']",[],982210127087349760,982210127087349760,pasaranuang,PASARANTOGEL,6,05,https://twitter.com/pasaranuang/status/1264059841976229888,[],['https://pbs.twimg.com/media/EYrXnkWUMAA9JDL.png'],1,https://pbs.twimg.com/media/EYrXnkWUMAA9JDL.png,False,0,0,0,,"['#cb', '#sg']",,,,,,,[],,en
21,1590204334000.0,2020-05-23 03:25:34,+0000,,Prediksi Wangsit PANAMA 23/05/2020  Link Daftar : www.detikpt1 .com/register  #coloknaga #prediksi #cb #coloknaga #coloknagatogel #prediksitogelampuh #togeljitu #bocorantogel #daftartogel  #SG #HK #SD #MC #2D #3d #4d #AS #KOP #KEPALA #EKOR #JP #JPMASAL #JPPAUS #UPS #ANGKAMAIN  https://t.co/o7Z2ztqAig,in,"['coloknaga', 'prediksi', 'cb', 'coloknaga', 'coloknagatogel', 'prediksitogelampuh', 'togeljitu', 'bocorantogel', 'daftartogel', 'sg', 'hk', 'sd', 'mc', '2d', '3d', '4d', 'as', 'kop', 'kepala', 'ekor', 'jp', 'jpmasal', 'jppaus', 'ups', 'angkamain']",[],982210127087349760,982210127087349760,pasaranuang,PASARANTOGEL,6,03,https://twitter.com/pasaranuang/status/1264034712219119622,[],['https://pbs.twimg.com/media/EYrA3WvU4AA1pun.jpg'],1,https://pbs.twimg.com/media/EYrA3WvU4AA1pun.jpg,False,0,0,0,,"['#cb', '#sg']",,,,,,,[],,en
22,1590171540000.0,2020-05-22 18:19:00,+0000,,Prediksi Colok Naga Pasaran Sydney Sabtu 23/05/2020   https://t.co/KHA2Hddb0v  #coloknaga #prediksi #cb #coloknaga #coloknagatogel #prediksitogelampuh #togeljitu #bocorantogel #daftartogel  #SG #HK #SD #MC #2D #3d #4d #AS #KOP #KEPALA #EKOR #JP #JPMASAL #JPPAUS #UPS #ANGKAMAIN  https://t.co/yMXymncTy9,in,"['coloknaga', 'prediksi', 'cb', 'coloknaga', 'coloknagatogel', 'prediksitogelampuh', 'togeljitu', 'bocorantogel', 'daftartogel', 'sg', 'hk', 'sd', 'mc', '2d', '3d', '4d', 'as', 'kop', 'kepala', 'ekor', 'jp', 'jpmasal', 'jppaus', 'ups', 'angkamain']",[],982210127087349760,982210127087349760,pasaranuang,PASARANTOGEL,5,18,https://twitter.com/pasaranuang/status/1263897163806814208,['http://www.kenabayar.com'],['https://pbs.twimg.com/tweet_video_thumb/EYpDv97U4AEBLB-.jpg'],1,https://pbs.twimg.com/tweet_video_thumb/EYpDv97U4AEBLB-.jpg,False,0,0,0,,"['#cb', '#sg']",,,,,,,[],,en
23,1589782242000.0,2020-05-18 06:10:42,+0000,,What doesn‚Äôt kill the Kuehs makes them stronger! Or better. Or longer? . . #comicstrip #comicstrips #comicpanel #webcomic #webcomics  #stayhomesg #sgunited #singapore #sg #stayhomeforsg #singaporetogether #sgart #sgartist #cbchallenge #CB #HBL #circuitbreaker #circuitbreakersg  https://t.co/JNyUqsttTa,en,"['comicstrip', 'comicstrips', 'comicpanel', 'webcomic', 'webcomics', 'stayhomesg', 'sgunited', 'singapore', 'sg', 'stayhomeforsg', 'singaporetogether', 'sgart', 'sgartist', 'cbchallenge', 'cb', 'hbl', 'circuitbreaker', 'circuitbreakersg']",[],1244882012529278976,1244882012529278976,KuehKafe,Kueh Kafe,1,06,https://twitter.com/KuehKafe/status/1262264329241387008,[],['https://pbs.twimg.com/media/EYR2tKxU8AA45QM.jpg'],1,https://pbs.twimg.com/media/EYR2tKxU8AA45QM.jpg,False,1,0,2,,"['#cb', '#sg']",,,,,,,[],,en
24,1589723788000.0,2020-05-17 13:56:28,+0000,"{'type': 'Point', 'coordinates': [1.36025, 103.9892799]}",Pictures before #cb üíô   #covid19 #singapore #aviation #airport #life #stayhome #love #travel #travelphotography #life #student #instagram #model #hope #photography #changi #people #sg @ Jewel Changi Airport  https://t.co/t2zW3oNMzL,en,"['cb', 'covid19', 'singapore', 'aviation', 'airport', 'life', 'stayhome', 'love', 'travel', 'travelphotography', 'life', 'student', 'instagram', 'model', 'hope', 'photography', 'changi', 'people', 'sg']",[],1195926006420430850,1195926006420430850,Perhaps_Pira,|P!RA¬π‚Å∏üåª|,7,13,https://twitter.com/Perhaps_Pira/status/1262019153558413313,['https://www.instagram.com/p/CASpulPlDe8/?igshid=105mq45w3mmzo'],[],0,,False,1,0,0,,"['#cb', '#sg']",,,,,,,[],,en
25,1589692177000.0,2020-05-17 05:09:37,+0000,,Beautiful #sunrise from my windows this morning #cb #sg #sgig #igsg #sglife #travel #Singapore #travel #YourSingapore #MySingapore #cloud#sky  https://t.co/mVgtwtOeyx,en,"['sunrise', 'cb', 'sg', 'sgig', 'igsg', 'sglife', 'travel', 'singapore', 'travel', 'yoursingapore', 'mysingapore']",[],135509056,135509056,chae0516,üíïHelenÌó¨Î†åüíï,7,05,https://twitter.com/chae0516/status/1261886569998237696,[],"['https://pbs.twimg.com/media/EYMfI2-UEAEB0p2.jpg', 'https://pbs.twimg.com/media/EYMfJPoU8AIsjQe.jpg']",1,https://pbs.twimg.com/media/EYMfI2-UEAEB0p2.jpg,False,0,0,0,,"['#cb', '#sg']",,,,,,,[],,en
26,1589605977000.0,2020-05-16 05:12:57,+0000,,Whoopee has a simple wish to live happily. Whoopee‚Äôs simple wish is difficult to achieve. . . #singaporediaries #stayhomesg #SGUnited #Singapore #SG #stayhomeforsg #singaporetogether #sgart #sgartist #artsg #CB #circuitbreaker #sgcomics #singaporean #singaporecity #comics  https://t.co/MeLJMEHFbL,en,"['singaporediaries', 'stayhomesg', 'sgunited', 'singapore', 'sg', 'stayhomeforsg', 'singaporetogether', 'sgart', 'sgartist', 'artsg', 'cb', 'circuitbreaker', 'sgcomics', 'singaporean', 'singaporecity', 'comics']",[],1244882012529278976,1244882012529278976,KuehKafe,Kueh Kafe,6,05,https://twitter.com/KuehKafe/status/1261525022004273153,[],['https://pbs.twimg.com/media/EYHWT9KUYAAuRrn.jpg'],1,https://pbs.twimg.com/media/EYHWT9KUYAAuRrn.jpg,False,5,0,1,,"['#cb', '#sg']",,,,,,,[],,en
27,1589541697000.0,2020-05-15 11:21:37,+0000,,U think? #sg #Singapore #covid19 #circuitbreakersg #cb #easing #recession2020,en,"['sg', 'singapore', 'covid19', 'circuitbreakersg', 'cb', 'easing', 'recession2020']",[],122607462,122607462,DegenTT,Èï∑„Åè„Å¶„É©„Éï,5,11,https://twitter.com/DegenTT/status/1261255408481497088,[],[],0,,False,0,0,0,https://twitter.com/ChannelNewsAsia/status/1261254533985865729,"['#cb', '#sg']",,,,,,,[],,en
28,1589529939000.0,2020-05-15 08:05:39,+0000,,Can you hear me? Awkward silence... Chiffon is so embarrassed when she realised her audio snafu. . . #singaporediaries #stayhomesg #SGUnited #Singapore #SG #stayhomeforsg #singaporetogether #sgart #sgartist #artsg #CB #circuitbreaker #sgcomics #singaporean #singaporecity #comics  https://t.co/jHbuGMNWPd,en,"['singaporediaries', 'stayhomesg', 'sgunited', 'singapore', 'sg', 'stayhomeforsg', 'singaporetogether', 'sgart', 'sgartist', 'artsg', 'cb', 'circuitbreaker', 'sgcomics', 'singaporean', 'singaporecity', 'comics']",[],1244882012529278976,1244882012529278976,KuehKafe,Kueh Kafe,5,08,https://twitter.com/KuehKafe/status/1261206091729235968,[],['https://pbs.twimg.com/media/EYC0P3nUYAA2tR6.jpg'],1,https://pbs.twimg.com/media/EYC0P3nUYAA2tR6.jpg,False,1,0,1,,"['#cb', '#sg']",,,,,,,[],,en
29,1589368168000.0,2020-05-13 11:09:28,+0000,,Fafa wishes for a great love story. She also wishes she can eat all the snacks she wants without having to go to the gym. . . #boredathome #stayhomesg #sgunited #singapore #sg #sgig #igsg #stayhomeforsg #singaporetogether #sgart #sgartist #artsg #cbchallenge #CB #circuitbreaker  https://t.co/NxqPK6VN4R,en,"['boredathome', 'stayhomesg', 'sgunited', 'singapore', 'sg', 'sgig', 'igsg', 'stayhomeforsg', 'singaporetogether', 'sgart', 'sgartist', 'artsg', 'cbchallenge', 'cb', 'circuitbreaker']",[],1244882012529278976,1244882012529278976,KuehKafe,Kueh Kafe,3,11,https://twitter.com/KuehKafe/status/1260527577216593923,[],['https://pbs.twimg.com/media/EX5LI9TVAAAE4qs.jpg'],1,https://pbs.twimg.com/media/EX5LI9TVAAAE4qs.jpg,False,0,0,0,,"['#cb', '#sg']",,,,,,,[],,en
30,1589310724000.0,2020-05-12 19:12:04,+0000,,Prediksi Angka Main  Naga SYdney    https://t.co/qsYo0LYglS  #SG #HK #SD #MC #2D #3d #4d #AS #KOP #KEPALA #EKOR #JP #JPMASAL #JPPAUS #UPS #ANGKAMAIN #BB #CJ #CN #JAGA #CK  #syairpasmantap #syairalexgungun #syairtogel #syairjitu #pasarantogel #coloknaga #prediksi #cb #coloknaga  https://t.co/oh8L3h2zw2,tl,"['sg', 'hk', 'sd', 'mc', '2d', '3d', '4d', 'as', 'kop', 'kepala', 'ekor', 'jp', 'jpmasal', 'jppaus', 'ups', 'angkamain', 'bb', 'cj', 'cn', 'jaga', 'ck', 'syairpasmantap', 'syairalexgungun', 'syairtogel', 'syairjitu', 'pasarantogel', 'coloknaga', 'prediksi', 'cb', 'coloknaga']",[],982210127087349760,982210127087349760,pasaranuang,PASARANTOGEL,2,19,https://twitter.com/pasaranuang/status/1260286637562490880,['http://www.pasaranbayar.com'],['https://pbs.twimg.com/tweet_video_thumb/EX1wAheVAAAVFgB.jpg'],1,https://pbs.twimg.com/tweet_video_thumb/EX1wAheVAAAVFgB.jpg,False,0,0,0,,"['#cb', '#sg']",,,,,,,[],,en
31,1589298902000.0,2020-05-12 15:55:02,+0000,,Minister say dont rush to the barbers. And then you see all those with so little hair lining up to get their haircuts. Lol #mampos #CB #SG,en,"['mampos', 'cb', 'sg']",[],131066597,131066597,_Yaynz_Radiah,_Yaynz_Radiah,2,15,https://twitter.com/_Yaynz_Radiah/status/1260237054744473601,[],[],0,,False,0,0,0,,"['#cb', '#sg']",,,,,,,[],,en
32,1589268994000.0,2020-05-12 07:36:34,+0000,,This is Krazy! Ytd 400+ toast 800+. Like stock market price!! #CB #SG #sgig #Singapore #YourSingapore #MySingapore #circuitbreaker,en,"['cb', 'sg', 'sgig', 'singapore', 'yoursingapore', 'mysingapore', 'circuitbreaker']",[],135509056,135509056,chae0516,üíïHelenÌó¨Î†åüíï,2,07,https://twitter.com/chae0516/status/1260111609889820672,[],[],0,,False,0,0,0,https://twitter.com/MothershipSG/status/1260104461650804736,"['#cb', '#sg']",,,,,,,[],,en
33,1589109501000.0,2020-05-10 11:18:21,+0000,,Happy Mother‚Äôs Day to two of my most beloved women in the world!! Love you~‚ù§Ô∏è! Áà±‰Ω†ÔΩû‚ù§Ô∏è! ÏÇ¨ÎûëÌï¥Ïöî~‚ù§Ô∏è! ÊÑõ„Åó„Å¶„Çã„Çè~‚ù§Ô∏è! . . #sg #igsg #singapore #mothersday #100520 #ÊØç‰∫≤ËäÇ #ÊØç‰∫≤ËäÇÂø´‰πê #ÊàëÁà±ÊÇ®‰ª¨ #pomelo #instasize #rosebelljar #cb‚Ä¶  https://t.co/ztvq7WK7yC,ja,"['sg', 'igsg', 'singapore', 'mothersday', 'ÊØç‰∫≤ËäÇ', 'ÊØç‰∫≤ËäÇÂø´‰πê', 'ÊàëÁà±ÊÇ®‰ª¨', 'pomelo', 'instasize', 'rosebelljar', 'cb']",[],251503973,251503973,chengpin89822,Ï±ôÌïÄCP,7,11,https://twitter.com/chengpin89822/status/1259442648768806912,['https://www.instagram.com/p/CAAWEUEB9IR/?igshid=r38b2y5y42ep'],[],0,,False,0,0,0,,"['#cb', '#sg']",,,,,,,[],,en
34,1588928685000.0,2020-05-08 09:04:45,+0000,,üåù À¢·µÅ·¥æ·¥±·¥ø·¥π·¥º·¥º·¥∫ üåù . . #sg #igsg #singapore #supermoon #supermoon2020 #moonbathing #flower #cb #circuitbreaker #day32 #ccb #stayhomeforsg #pomelo #2020cancelled #boredAF  https://t.co/SYBhnYNaAt,nl,"['sg', 'igsg', 'singapore', 'supermoon', 'supermoon2020', 'moonbathing', 'flower', 'cb', 'circuitbreaker', 'day32', 'ccb', 'stayhomeforsg', 'pomelo', '2020cancelled', 'boredaf']",[],251503973,251503973,chengpin89822,Ï±ôÌïÄCP,5,09,https://twitter.com/chengpin89822/status/1258684250984976384,['https://www.instagram.com/p/B_69MFnBC5r/?igshid=11750fi59sot2'],[],0,,False,0,0,0,,"['#cb', '#sg']",,,,,,,[],,en
35,1588847722000.0,2020-05-07 10:35:22,+0000,,·¥Ä·¥Ñ ú…™·¥á·¥†·¥á·¥ç·¥á…¥·¥õ üîì . . #sg #igsg #singapore #cb #circuitbreaker #ccb #day31 #yoga #movewithrachel #stayactive #chinstand #achievementunlock #instasize #pomelo #stayhomeforsg #2020cancelled  https://t.co/4h1PWrbc3T,und,"['sg', 'igsg', 'singapore', 'cb', 'circuitbreaker', 'ccb', 'day31', 'yoga', 'movewithrachel', 'stayactive', 'chinstand', 'achievementunlock', 'instasize', 'pomelo', 'stayhomeforsg', '2020cancelled']",[],251503973,251503973,chengpin89822,Ï±ôÌïÄCP,4,10,https://twitter.com/chengpin89822/status/1258344669710364676,['https://www.instagram.com/p/B_4ixCvB-xj/?igshid=15cwmkdqnhvh1'],[],0,,False,0,0,0,,"['#cb', '#sg']",,,,,,,[],,en
36,1588774963000.0,2020-05-06 14:22:43,+0000,,Let's do it!! #CB #sg #SGUnited #sg20k,en,"['cb', 'sg', 'sgunited', 'sg20k']",[],135509056,135509056,chae0516,üíïHelenÌó¨Î†åüíï,3,14,https://twitter.com/chae0516/status/1258039494856503297,[],[],0,,False,0,0,0,https://twitter.com/TimeOutSG/status/1258036048057307136,"['#cb', '#sg']",,,,,,,[],,en
37,1588476412000.0,2020-05-03 03:26:52,+0000,,"Alamak!! Switched on TV for my mom to watch Ë¥πÁéâÊ∏Öthen 10 minutes later TV turned black screen. Starhub CCC stated my area fibre down!! Wle. Land line, Internet and TV 3 services DOWN!! #CB #sg #sgig #Singapore #YourSingapore #MySingapore #circuitbreaker #starhub  https://t.co/WhTSEz8oUe",en,"['cb', 'sg', 'sgig', 'singapore', 'yoursingapore', 'mysingapore', 'circuitbreaker', 'starhub']",[],135509056,135509056,chae0516,üíïHelenÌó¨Î†åüíï,7,03,https://twitter.com/chae0516/status/1256787280791887876,[],['https://pbs.twimg.com/media/EXEBXNKUEAI8ZhZ.jpg'],1,https://pbs.twimg.com/media/EXEBXNKUEAI8ZhZ.jpg,False,0,0,0,,"['#cb', '#sg']",,,,,,,[],,en
38,1588321718000.0,2020-05-01 08:28:38,+0000,,My TIKTOK debut! Haha! . I know I said I wouldn‚Äôt... but here I am~~!! Haha! . My ID: mubo89 üòò . . #sg #igsg #singapore #cb #ccb #circuitbreaker #day25 #stayhomeforsg #tiktok #hollabackchallenge #mytiktokdebut‚Ä¶  https://t.co/HPlayC6iG8,en,"['sg', 'igsg', 'singapore', 'cb', 'ccb', 'circuitbreaker', 'day25', 'stayhomeforsg', 'tiktok', 'hollabackchallenge', 'mytiktokdebut']",[],251503973,251503973,chengpin89822,Ï±ôÌïÄCP,5,08,https://twitter.com/chengpin89822/status/1256138447624065025,['https://www.instagram.com/p/B_o3UqmBBaf/?igshid=mqvhdp3tdrsb'],[],0,,False,0,0,0,,"['#cb', '#sg']",,,,,,,[],,en
39,1588305705000.0,2020-05-01 04:01:45,+0000,,The price to pay for  the luxury of priceless space during Covid-19. #garden #plant #weeds #igsg #sglife #sg #sgig #lockdown #CB #sgUnited #gardening #Singapore #travelgram #YourSingapore‚Ä¶  https://t.co/QhnLIbG8oa,en,"['garden', 'plant', 'weeds', 'igsg', 'sglife', 'sg', 'sgig', 'lockdown', 'cb', 'sgunited', 'gardening', 'singapore', 'travelgram', 'yoursingapore']",[],135509056,135509056,chae0516,üíïHelenÌó¨Î†åüíï,5,04,https://twitter.com/chae0516/status/1256071282371805186,['https://www.instagram.com/p/B_oY8bhj_ydmXjAbaIATiqz1XscGtIhTWOE9Dc0/?igshid=1sx58w1a0srlz'],[],0,,False,0,0,0,,"['#cb', '#sg']",,,,,,,[],,en
